	R001	ACAGGAGAGAACCACA	48_48	Hs_G_001
	C001	ACAGGTAGTCCACACA	48_48	Hs_G_001
	R001	ACAGGAGAGAACCACA	48_48	Hs_AEGM_001
	C001	ACAGGTAGTCCACACA	48_48	Hs_AEGM_001
	R001	ACAGGAGAGAACCACA	48_48	Mm_AGM_001
	C001	ACAGGTAGTCCACACA	48_48	Mm_AGM_001
	R001	ACAGGAGAGAACCACA	48_48	Mm_ADGM_001
	C001	ACAGGTAGTCCACACA	48_48	Mm_ADGM_001
	R002	ACAGGAGTGATGGTTC	48_48	Hs_G_001
	C002	ACCAACACCACAGTCA	48_48	Hs_G_001
	R002	ACAGGAGTGATGGTTC	48_48	Hs_AEGM_001
	C002	ACCAACACCACAGTCA	48_48	Hs_AEGM_001
	R002	ACAGGAGTGATGGTTC	48_48	Mm_AGM_001
	C002	ACCAACACCACAGTCA	48_48	Mm_AGM_001
	R002	ACAGGAGTGATGGTTC	48_48	Mm_ADGM_001
	C002	ACCAACACCACAGTCA	48_48	Mm_ADGM_001
	R003	ACCAACCAGTGATGTC	48_48	Hs_G_001
	C003	ACCTGATCTCGAACCT	48_48	Hs_G_001
	R003	ACCAACCAGTGATGTC	48_48	Hs_AEGM_001
	C003	ACCTGATCTCGAACCT	48_48	Hs_AEGM_001
	R003	ACCAACCAGTGATGTC	48_48	Mm_AGM_001
	C003	ACCTGATCTCGAACCT	48_48	Mm_AGM_001
	R003	ACCAACCAGTGATGTC	48_48	Mm_ADGM_001
	C003	ACCTGATCTCGAACCT	48_48	Mm_ADGM_001
	R004	ACCAAGACAGGACAGA	48_48	Hs_G_001
	C004	ACGAGTAGTCTGGAGT	48_48	Hs_G_001
	R004	ACCAAGACAGGACAGA	48_48	Hs_AEGM_001
	C004	ACGAGTAGTCTGGAGT	48_48	Hs_AEGM_001
	R004	ACCAAGACAGGACAGA	48_48	Mm_AGM_001
	C004	ACGAGTAGTCTGGAGT	48_48	Mm_AGM_001
	R004	ACCAAGACAGGACAGA	48_48	Mm_ADGM_001
	C004	ACGAGTAGTCTGGAGT	48_48	Mm_ADGM_001
	R005	ACCAAGGAGACTCTGA	48_48	Hs_G_001
	C005	ACGAGTTGACCATCCT	48_48	Hs_G_001
	R005	ACCAAGGAGACTCTGA	48_48	Hs_AEGM_001
	C005	ACGAGTTGACCATCCT	48_48	Hs_AEGM_001
	R005	ACCAAGGAGACTCTGA	48_48	Mm_AGM_001
	C005	ACGAGTTGACCATCCT	48_48	Mm_AGM_001
	R005	ACCAAGGAGACTCTGA	48_48	Mm_ADGM_001
	C005	ACGAGTTGACCATCCT	48_48	Mm_ADGM_001
	R006	ACCTGACTTGACTGGT	48_48	Hs_G_001
	C006	ACGTACAGCACTACCT	48_48	Hs_G_001
	R006	ACCTGACTTGACTGGT	48_48	Hs_AEGM_001
	C006	ACGTACAGCACTACCT	48_48	Hs_AEGM_001
	R006	ACCTGACTTGACTGGT	48_48	Mm_AGM_001
	C006	ACGTACAGCACTACCT	48_48	Mm_AGM_001
	R006	ACCTGACTTGACTGGT	48_48	Mm_ADGM_001
	C006	ACGTACAGCACTACCT	48_48	Mm_ADGM_001
	R007	ACGTACACCTAGCACA	48_48	Hs_G_001
	C007	ACGTACTCAGACAGTC	48_48	Hs_G_001
	R007	ACGTACACCTAGCACA	48_48	Hs_AEGM_001
	C007	ACGTACTCAGACAGTC	48_48	Hs_AEGM_001
	R007	ACGTACACCTAGCACA	48_48	Mm_AGM_001
	C007	ACGTACTCAGACAGTC	48_48	Mm_AGM_001
	R007	ACGTACACCTAGCACA	48_48	Mm_ADGM_001
	C007	ACGTACTCAGACAGTC	48_48	Mm_ADGM_001
	R008	ACTCGTACCTCACTGA	48_48	Hs_G_001
	C008	ACGTAGAGGAGACTCA	48_48	Hs_G_001
	R008	ACTCGTACCTCACTGA	48_48	Hs_AEGM_001
	C008	ACGTAGAGGAGACTCA	48_48	Hs_AEGM_001
	R008	ACTCGTACCTCACTGA	48_48	Mm_AGM_001
	C008	ACGTAGAGGAGACTCA	48_48	Mm_AGM_001
	R008	ACTCGTACCTCACTGA	48_48	Mm_ADGM_001
	C008	ACGTAGAGGAGACTCA	48_48	Mm_ADGM_001
	R009	ACTCGTTCGTTGAGCA	48_48	Hs_G_001
	C009	ACGTAGTCCTCTCTGT	48_48	Hs_G_001
	R009	ACTCGTTCGTTGAGCA	48_48	Hs_AEGM_001
	C009	ACGTAGTCCTCTCTGT	48_48	Hs_AEGM_001
	R009	ACTCGTTCGTTGAGCA	48_48	Mm_AGM_001
	C009	ACGTAGTCCTCTCTGT	48_48	Mm_AGM_001
	R009	ACTCGTTCGTTGAGCA	48_48	Mm_ADGM_001
	C009	ACGTAGTCCTCTCTGT	48_48	Mm_ADGM_001
	R010	ACTGACGACAAGTCCA	48_48	Hs_G_001
	C010	ACTCGATCCAGTTGTC	48_48	Hs_G_001
	R010	ACTGACGACAAGTCCA	48_48	Hs_AEGM_001
	C010	ACTCGATCCAGTTGTC	48_48	Hs_AEGM_001
	R010	ACTGACGACAAGTCCA	48_48	Mm_AGM_001
	C010	ACTCGATCCAGTTGTC	48_48	Mm_AGM_001
	R010	ACTGACGACAAGTCCA	48_48	Mm_ADGM_001
	C010	ACTCGATCCAGTTGTC	48_48	Mm_ADGM_001
	R011	ACTGAGGAAGTGAGGA	48_48	Hs_G_001
	C011	ACTCGTAGCTGTGAAC	48_48	Hs_G_001
	R011	ACTGAGGAAGTGAGGA	48_48	Hs_AEGM_001
	C011	ACTCGTAGCTGTGAAC	48_48	Hs_AEGM_001
	R011	ACTGAGGAAGTGAGGA	48_48	Mm_AGM_001
	C011	ACTCGTAGCTGTGAAC	48_48	Mm_AGM_001
	R011	ACTGAGGAAGTGAGGA	48_48	Mm_ADGM_001
	C011	ACTCGTAGCTGTGAAC	48_48	Mm_ADGM_001
	R012	AGACTCTGACCTTGGA	48_48	Hs_G_001
	C012	ACTCGTCTACTGTGTC	48_48	Hs_G_001
	R012	AGACTCTGACCTTGGA	48_48	Hs_AEGM_001
	C012	ACTCGTCTACTGTGTC	48_48	Hs_AEGM_001
	R012	AGACTCTGACCTTGGA	48_48	Mm_AGM_001
	C012	ACTCGTCTACTGTGTC	48_48	Mm_AGM_001
	R012	AGACTCTGACCTTGGA	48_48	Mm_ADGM_001
	C012	ACTCGTCTACTGTGTC	48_48	Mm_ADGM_001
	R013	AGAGCTACCTACCTGT	48_48	Hs_G_001
	C013	ACTGAGACGAACACGA	48_48	Hs_G_001
	R013	AGAGCTACCTACCTGT	48_48	Hs_AEGM_001
	C013	ACTGAGACGAACACGA	48_48	Hs_AEGM_001
	R013	AGAGCTACCTACCTGT	48_48	Mm_AGM_001
	C013	ACTGAGACGAACACGA	48_48	Mm_AGM_001
	R013	AGAGCTACCTACCTGT	48_48	Mm_ADGM_001
	C013	ACTGAGACGAACACGA	48_48	Mm_ADGM_001
	R014	AGGACACTCTTCTCTC	48_48	Hs_G_001
	C014	AGAGCTACCAGTTCAC	48_48	Hs_G_001
	R014	AGGACACTCTTCTCTC	48_48	Hs_AEGM_001
	C014	AGAGCTACCAGTTCAC	48_48	Hs_AEGM_001
	R014	AGGACACTCTTCTCTC	48_48	Mm_AGM_001
	C014	AGAGCTACCAGTTCAC	48_48	Mm_AGM_001
	R014	AGGACACTCTTCTCTC	48_48	Mm_ADGM_001
	C014	AGAGCTACCAGTTCAC	48_48	Mm_ADGM_001
	R015	AGGTTGCACTAGGATC	48_48	Hs_G_001
	C015	AGAGCTCAAGTGGTTC	48_48	Hs_G_001
	R015	AGGTTGCACTAGGATC	48_48	Hs_AEGM_001
	C015	AGAGCTCAAGTGGTTC	48_48	Hs_AEGM_001
	R015	AGGTTGCACTAGGATC	48_48	Mm_AGM_001
	C015	AGAGCTCAAGTGGTTC	48_48	Mm_AGM_001
	R015	AGGTTGCACTAGGATC	48_48	Mm_ADGM_001
	C015	AGAGCTCAAGTGGTTC	48_48	Mm_ADGM_001
	R016	AGTCCAACAGGTCTCT	48_48	Hs_G_001
	C016	AGGACAGTAGTGGTCA	48_48	Hs_G_001
	R016	AGTCCAACAGGTCTCT	48_48	Hs_AEGM_001
	C016	AGGACAGTAGTGGTCA	48_48	Hs_AEGM_001
	R016	AGTCCAACAGGTCTCT	48_48	Mm_AGM_001
	C016	AGGACAGTAGTGGTCA	48_48	Mm_AGM_001
	R016	AGTCCAACAGGTCTCT	48_48	Mm_ADGM_001
	C016	AGGACAGTAGTGGTCA	48_48	Mm_ADGM_001
	R017	AGTCCACTTGAGCTTC	48_48	Hs_G_001
	C017	AGGTTCACTGAGAGGA	48_48	Hs_G_001
	R017	AGTCCACTTGAGCTTC	48_48	Hs_AEGM_001
	C017	AGGTTCACTGAGAGGA	48_48	Hs_AEGM_001
	R017	AGTCCACTTGAGCTTC	48_48	Mm_AGM_001
	C017	AGGTTCACTGAGAGGA	48_48	Mm_AGM_001
	R017	AGTCCACTTGAGCTTC	48_48	Mm_ADGM_001
	C017	AGGTTCACTGAGAGGA	48_48	Mm_ADGM_001
	R018	AGTGTCTCGTCTTCCA	48_48	Hs_G_001
	C018	AGGTTCCAGACTCACA	48_48	Hs_G_001
	R018	AGTGTCTCGTCTTCCA	48_48	Hs_AEGM_001
	C018	AGGTTCCAGACTCACA	48_48	Hs_AEGM_001
	R018	AGTGTCTCGTCTTCCA	48_48	Mm_AGM_001
	C018	AGGTTCCAGACTCACA	48_48	Mm_AGM_001
	R018	AGTGTCTCGTCTTCCA	48_48	Mm_ADGM_001
	C018	AGGTTCCAGACTCACA	48_48	Mm_ADGM_001
	R019	AGTGTGGTAGGAGAGA	48_48	Hs_G_001
	C019	AGTCCTCTGTCAAGGT	48_48	Hs_G_001
	R019	AGTGTGGTAGGAGAGA	48_48	Hs_AEGM_001
	C019	AGTCCTCTGTCAAGGT	48_48	Hs_AEGM_001
	R019	AGTGTGGTAGGAGAGA	48_48	Mm_AGM_001
	C019	AGTCCTCTGTCAAGGT	48_48	Mm_AGM_001
	R019	AGTGTGGTAGGAGAGA	48_48	Mm_ADGM_001
	C019	AGTCCTCTGTCAAGGT	48_48	Mm_ADGM_001
	R020	CAACGACAGTGTGAAC	48_48	Hs_G_001
	C020	AGTCCTGTTCTCTGGA	48_48	Hs_G_001
	R020	CAACGACAGTGTGAAC	48_48	Hs_AEGM_001
	C020	AGTCCTGTTCTCTGGA	48_48	Hs_AEGM_001
	R020	CAACGACAGTGTGAAC	48_48	Mm_AGM_001
	C020	AGTCCTGTTCTCTGGA	48_48	Mm_AGM_001
	R020	CAACGACAGTGTGAAC	48_48	Mm_ADGM_001
	C020	AGTCCTGTTCTCTGGA	48_48	Mm_ADGM_001
	R021	CAACGTCATCCTCTTC	48_48	Hs_G_001
	C021	AGTCCTTCGATCTCCT	48_48	Hs_G_001
	R021	CAACGTCATCCTCTTC	48_48	Hs_AEGM_001
	C021	AGTCCTTCGATCTCCT	48_48	Hs_AEGM_001
	R021	CAACGTCATCCTCTTC	48_48	Mm_AGM_001
	C021	AGTCCTTCGATCTCCT	48_48	Mm_AGM_001
	R021	CAACGTCATCCTCTTC	48_48	Mm_ADGM_001
	C021	AGTCCTTCGATCTCCT	48_48	Mm_ADGM_001
	R022	CAACGTGAACTCAGAC	48_48	Hs_G_001
	C022	AGTGTCACCTTCGAGA	48_48	Hs_G_001
	R022	CAACGTGAACTCAGAC	48_48	Hs_AEGM_001
	C022	AGTGTCACCTTCGAGA	48_48	Hs_AEGM_001
	R022	CAACGTGAACTCAGAC	48_48	Mm_AGM_001
	C022	AGTGTCACCTTCGAGA	48_48	Mm_AGM_001
	R022	CAACGTGAACTCAGAC	48_48	Mm_ADGM_001
	C022	AGTGTCACCTTCGAGA	48_48	Mm_ADGM_001
	R023	CACAGTAGGTGTCTTC	48_48	Hs_G_001
	C023	CAACGTCTTGAGAGTG	48_48	Hs_G_001
	R023	CACAGTAGGTGTCTTC	48_48	Hs_AEGM_001
	C023	CAACGTCTTGAGAGTG	48_48	Hs_AEGM_001
	R023	CACAGTAGGTGTCTTC	48_48	Mm_AGM_001
	C023	CAACGTCTTGAGAGTG	48_48	Mm_AGM_001
	R023	CACAGTAGGTGTCTTC	48_48	Mm_ADGM_001
	C023	CAACGTCTTGAGAGTG	48_48	Mm_ADGM_001
	R024	CACTACCATCACCAAC	48_48	Hs_G_001
	C024	CAAGAGGACAGTTCTG	48_48	Hs_G_001
	R024	CACTACCATCACCAAC	48_48	Hs_AEGM_001
	C024	CAAGAGGACAGTTCTG	48_48	Hs_AEGM_001
	R024	CACTACCATCACCAAC	48_48	Mm_AGM_001
	C024	CAAGAGGACAGTTCTG	48_48	Mm_AGM_001
	R024	CACTACCATCACCAAC	48_48	Mm_ADGM_001
	C024	CAAGAGGACAGTTCTG	48_48	Mm_ADGM_001
	R025	CTACCAACTGTCACTG	48_48	Hs_G_001
	C025	CACTACAGGTGTTCCA	48_48	Hs_G_001
	R025	CTACCAACTGTCACTG	48_48	Hs_AEGM_001
	C025	CACTACAGGTGTTCCA	48_48	Hs_AEGM_001
	R025	CTACCAACTGTCACTG	48_48	Mm_AGM_001
	C025	CACTACAGGTGTTCCA	48_48	Mm_AGM_001
	R025	CTACCAACTGTCACTG	48_48	Mm_ADGM_001
	C025	CACTACAGGTGTTCCA	48_48	Mm_ADGM_001
	R026	CTACCTACGTGTCAGA	48_48	Hs_G_001
	C026	CAGAACACGAAGTCTC	48_48	Hs_G_001
	R026	CTACCTACGTGTCAGA	48_48	Hs_AEGM_001
	C026	CAGAACACGAAGTCTC	48_48	Hs_AEGM_001
	R026	CTACCTACGTGTCAGA	48_48	Mm_AGM_001
	C026	CAGAACACGAAGTCTC	48_48	Mm_AGM_001
	R026	CTACCTACGTGTCAGA	48_48	Mm_ADGM_001
	C026	CAGAACACGAAGTCTC	48_48	Mm_ADGM_001
	R027	CTAGTCCTTCACCTCA	48_48	Hs_G_001
	C027	CAGAACAGACCAACAC	48_48	Hs_G_001
	R027	CTAGTCCTTCACCTCA	48_48	Hs_AEGM_001
	C027	CAGAACAGACCAACAC	48_48	Hs_AEGM_001
	R027	CTAGTCCTTCACCTCA	48_48	Mm_AGM_001
	C027	CAGAACAGACCAACAC	48_48	Mm_AGM_001
	R027	CTAGTCCTTCACCTCA	48_48	Mm_ADGM_001
	C027	CAGAACAGACCAACAC	48_48	Mm_ADGM_001
	R028	CTCACACTAGAGGAAC	48_48	Hs_G_001
	C028	CAGAACGTAGAGACCA	48_48	Hs_G_001
	R028	CTCACACTAGAGGAAC	48_48	Hs_AEGM_001
	C028	CAGAACGTAGAGACCA	48_48	Hs_AEGM_001
	R028	CTCACACTAGAGGAAC	48_48	Mm_AGM_001
	C028	CAGAACGTAGAGACCA	48_48	Mm_AGM_001
	R028	CTCACACTAGAGGAAC	48_48	Mm_ADGM_001
	C028	CAGAACGTAGAGACCA	48_48	Mm_ADGM_001
	R029	CTTCTCGTAGTCTCGA	48_48	Hs_G_001
	C029	CAGTGTGTAGAGGTTC	48_48	Hs_G_001
	R029	CTTCTCGTAGTCTCGA	48_48	Hs_AEGM_001
	C029	CAGTGTGTAGAGGTTC	48_48	Hs_AEGM_001
	R029	CTTCTCGTAGTCTCGA	48_48	Mm_AGM_001
	C029	CAGTGTGTAGAGGTTC	48_48	Mm_AGM_001
	R029	CTTCTCGTAGTCTCGA	48_48	Mm_ADGM_001
	C029	CAGTGTGTAGAGGTTC	48_48	Mm_ADGM_001
	R030	CTTCTGACCAAGCTAG	48_48	Hs_G_001
	C030	CTACCAACTCCTGTCA	48_48	Hs_G_001
	R030	CTTCTGACCAAGCTAG	48_48	Hs_AEGM_001
	C030	CTACCAACTCCTGTCA	48_48	Hs_AEGM_001
	R030	CTTCTGACCAAGCTAG	48_48	Mm_AGM_001
	C030	CTACCAACTCCTGTCA	48_48	Mm_AGM_001
	R030	CTTCTGACCAAGCTAG	48_48	Mm_ADGM_001
	C030	CTACCAACTCCTGTCA	48_48	Mm_ADGM_001
	R031	TCACCACAGAGTTCCT	48_48	Hs_G_001
	C031	CTACCTGAACCACTGA	48_48	Hs_G_001
	R031	TCACCACAGAGTTCCT	48_48	Hs_AEGM_001
	C031	CTACCTGAACCACTGA	48_48	Hs_AEGM_001
	R031	TCACCACAGAGTTCCT	48_48	Mm_AGM_001
	C031	CTACCTGAACCACTGA	48_48	Mm_AGM_001
	R031	TCACCACAGAGTTCCT	48_48	Mm_ADGM_001
	C031	CTACCTGAACCACTGA	48_48	Mm_ADGM_001
	R032	TCACCAGTTCCTCACT	48_48	Hs_G_001
	C032	CTAGTCCTCAGACAAC	48_48	Hs_G_001
	R032	TCACCAGTTCCTCACT	48_48	Hs_AEGM_001
	C032	CTAGTCCTCAGACAAC	48_48	Hs_AEGM_001
	R032	TCACCAGTTCCTCACT	48_48	Mm_AGM_001
	C032	CTAGTCCTCAGACAAC	48_48	Mm_AGM_001
	R032	TCACCAGTTCCTCACT	48_48	Mm_ADGM_001
	C032	CTAGTCCTCAGACAAC	48_48	Mm_ADGM_001
	R033	TCCACACAACCACTCT	48_48	Hs_G_001
	C033	CTTCTCCACTACCAGA	48_48	Hs_G_001
	R033	TCCACACAACCACTCT	48_48	Hs_AEGM_001
	C033	CTTCTCCACTACCAGA	48_48	Hs_AEGM_001
	R033	TCCACACAACCACTCT	48_48	Mm_AGM_001
	C033	CTTCTCCACTACCAGA	48_48	Mm_AGM_001
	R033	TCCACACAACCACTCT	48_48	Mm_ADGM_001
	C033	CTTCTCCACTACCAGA	48_48	Mm_ADGM_001
	R034	TCCACAGTTGGTCTGA	48_48	Hs_G_001
	C034	CTTGCTGAACGAAGAG	48_48	Hs_G_001
	R034	TCCACAGTTGGTCTGA	48_48	Hs_AEGM_001
	C034	CTTGCTGAACGAAGAG	48_48	Hs_AEGM_001
	R034	TCCACAGTTGGTCTGA	48_48	Mm_AGM_001
	C034	CTTGCTGAACGAAGAG	48_48	Mm_AGM_001
	R034	TCCACAGTTGGTCTGA	48_48	Mm_ADGM_001
	C034	CTTGCTGAACGAAGAG	48_48	Mm_ADGM_001
	R035	TCCACTACGTTGCTGA	48_48	Hs_G_001
	C035	TCACCTTGTCTGTCCT	48_48	Hs_G_001
	R035	TCCACTACGTTGCTGA	48_48	Hs_AEGM_001
	C035	TCACCTTGTCTGTCCT	48_48	Hs_AEGM_001
	R035	TCCACTACGTTGCTGA	48_48	Mm_AGM_001
	C035	TCACCTTGTCTGTCCT	48_48	Mm_AGM_001
	R035	TCCACTACGTTGCTGA	48_48	Mm_ADGM_001
	C035	TCACCTTGTCTGTCCT	48_48	Mm_ADGM_001
	R036	TCCTTGACTGGAGACT	48_48	Hs_G_001
	C036	TCAGTGTCGTTCCTGT	48_48	Hs_G_001
	R036	TCCTTGACTGGAGACT	48_48	Hs_AEGM_001
	C036	TCAGTGTCGTTCCTGT	48_48	Hs_AEGM_001
	R036	TCCTTGACTGGAGACT	48_48	Mm_AGM_001
	C036	TCAGTGTCGTTCCTGT	48_48	Mm_AGM_001
	R036	TCCTTGACTGGAGACT	48_48	Mm_ADGM_001
	C036	TCAGTGTCGTTCCTGT	48_48	Mm_ADGM_001
	R037	TCGATGGACTACCACT	48_48	Hs_G_001
	C037	TCCACTGTAGCAACGT	48_48	Hs_G_001
	R037	TCGATGGACTACCACT	48_48	Hs_AEGM_001
	C037	TCCACTGTAGCAACGT	48_48	Hs_AEGM_001
	R037	TCGATGGACTACCACT	48_48	Mm_AGM_001
	C037	TCCACTGTAGCAACGT	48_48	Mm_AGM_001
	R037	TCGATGGACTACCACT	48_48	Mm_ADGM_001
	C037	TCCACTGTAGCAACGT	48_48	Mm_ADGM_001
	R038	TCTCTCGTACCATCCT	48_48	Hs_G_001
	C038	TCCTTGTCGTGTTGTG	48_48	Hs_G_001
	R038	TCTCTCGTACCATCCT	48_48	Hs_AEGM_001
	C038	TCCTTGTCGTGTTGTG	48_48	Hs_AEGM_001
	R038	TCTCTCGTACCATCCT	48_48	Mm_AGM_001
	C038	TCCTTGTCGTGTTGTG	48_48	Mm_AGM_001
	R038	TCTCTCGTACCATCCT	48_48	Mm_ADGM_001
	C038	TCCTTGTCGTGTTGTG	48_48	Mm_ADGM_001
	R039	TCTCTGGTCTGAAGGT	48_48	Hs_G_001
	C039	TCGTCACAAGAGGACT	48_48	Hs_G_001
	R039	TCTCTGGTCTGAAGGT	48_48	Hs_AEGM_001
	C039	TCGTCACAAGAGGACT	48_48	Hs_AEGM_001
	R039	TCTCTGGTCTGAAGGT	48_48	Mm_AGM_001
	C039	TCGTCACAAGAGGACT	48_48	Mm_AGM_001
	R039	TCTCTGGTCTGAAGGT	48_48	Mm_ADGM_001
	C039	TCGTCACAAGAGGACT	48_48	Mm_ADGM_001
	R040	TGAGAGGTTCTGGTCT	48_48	Hs_G_001
	C040	TCGTCACTAGTCCTTG	48_48	Hs_G_001
	R040	TGAGAGGTTCTGGTCT	48_48	Hs_AEGM_001
	C040	TCGTCACTAGTCCTTG	48_48	Hs_AEGM_001
	R040	TGAGAGGTTCTGGTCT	48_48	Mm_AGM_001
	C040	TCGTCACTAGTCCTTG	48_48	Mm_AGM_001
	R040	TGAGAGGTTCTGGTCT	48_48	Mm_ADGM_001
	C040	TCGTCACTAGTCCTTG	48_48	Mm_ADGM_001
	R041	TGCTACACACCAACCT	48_48	Hs_G_001
	C041	TCTCTCGAAGACGACA	48_48	Hs_G_001
	R041	TGCTACACACCAACCT	48_48	Hs_AEGM_001
	C041	TCTCTCGAAGACGACA	48_48	Hs_AEGM_001
	R041	TGCTACACACCAACCT	48_48	Mm_AGM_001
	C041	TCTCTCGAAGACGACA	48_48	Mm_AGM_001
	R041	TGCTACACACCAACCT	48_48	Mm_ADGM_001
	C041	TCTCTCGAAGACGACA	48_48	Mm_ADGM_001
	R042	TGGAACGAAGTGCAGA	48_48	Hs_G_001
	C042	TCTCTGTCAGGAACCA	48_48	Hs_G_001
	R042	TGGAACGAAGTGCAGA	48_48	Hs_AEGM_001
	C042	TCTCTGTCAGGAACCA	48_48	Hs_AEGM_001
	R042	TGGAACGAAGTGCAGA	48_48	Mm_AGM_001
	C042	TCTCTGTCAGGAACCA	48_48	Mm_AGM_001
	R042	TGGAACGAAGTGCAGA	48_48	Mm_ADGM_001
	C042	TCTCTGTCAGGAACCA	48_48	Mm_ADGM_001
	R043	TGGAAGAGTCGATCCT	48_48	Hs_G_001
	C043	TGGAACTGTCTCTGGA	48_48	Hs_G_001
	R043	TGGAAGAGTCGATCCT	48_48	Hs_AEGM_001
	C043	TGGAACTGTCTCTGGA	48_48	Hs_AEGM_001
	R043	TGGAAGAGTCGATCCT	48_48	Mm_AGM_001
	C043	TGGAACTGTCTCTGGA	48_48	Mm_AGM_001
	R043	TGGAAGAGTCGATCCT	48_48	Mm_ADGM_001
	C043	TGGAACTGTCTCTGGA	48_48	Mm_ADGM_001
	R044	TGGTGACAGTAGTGGT	48_48	Hs_G_001
	C044	TGGAAGACCATGACGT	48_48	Hs_G_001
	R044	TGGTGACAGTAGTGGT	48_48	Hs_AEGM_001
	C044	TGGAAGACCATGACGT	48_48	Hs_AEGM_001
	R044	TGGTGACAGTAGTGGT	48_48	Mm_AGM_001
	C044	TGGAAGACCATGACGT	48_48	Mm_AGM_001
	R044	TGGTGACAGTAGTGGT	48_48	Mm_ADGM_001
	C044	TGGAAGACCATGACGT	48_48	Mm_ADGM_001
	R045	TGTCACGAGTACTGGA	48_48	Hs_G_001
	C045	TGGAAGTCACTCCTAG	48_48	Hs_G_001
	R045	TGTCACGAGTACTGGA	48_48	Hs_AEGM_001
	C045	TGGAAGTCACTCCTAG	48_48	Hs_AEGM_001
	R045	TGTCACGAGTACTGGA	48_48	Mm_AGM_001
	C045	TGGAAGTCACTCCTAG	48_48	Mm_AGM_001
	R045	TGTCACGAGTACTGGA	48_48	Mm_ADGM_001
	C045	TGGAAGTCACTCCTAG	48_48	Mm_ADGM_001
	R046	TGTCAGGACTTGGAGT	48_48	Hs_G_001
	C046	TGTCAGGTCAGTTCGA	48_48	Hs_G_001
	R046	TGTCAGGACTTGGAGT	48_48	Hs_AEGM_001
	C046	TGTCAGGTCAGTTCGA	48_48	Hs_AEGM_001
	R046	TGTCAGGACTTGGAGT	48_48	Mm_AGM_001
	C046	TGTCAGGTCAGTTCGA	48_48	Mm_AGM_001
	R046	TGTCAGGACTTGGAGT	48_48	Mm_ADGM_001
	C046	TGTCAGGTCAGTTCGA	48_48	Mm_ADGM_001
	R047	TGTGGACTAGAGGTAG	48_48	Hs_G_001
	C047	TGTGGAAGTCTGTGGT	48_48	Hs_G_001
	R047	TGTGGACTAGAGGTAG	48_48	Hs_AEGM_001
	C047	TGTGGAAGTCTGTGGT	48_48	Hs_AEGM_001
	R047	TGTGGACTAGAGGTAG	48_48	Mm_AGM_001
	C047	TGTGGAAGTCTGTGGT	48_48	Mm_AGM_001
	R047	TGTGGACTAGAGGTAG	48_48	Mm_ADGM_001
	C047	TGTGGAAGTCTGTGGT	48_48	Mm_ADGM_001
	R048	TGTGGTAGACACGAGA	48_48	Hs_G_001
	C048	TGTGGTGAGAGTTGGT	48_48	Hs_G_001
	R048	TGTGGTAGACACGAGA	48_48	Hs_AEGM_001
	C048	TGTGGTGAGAGTTGGT	48_48	Hs_AEGM_001
	R048	TGTGGTAGACACGAGA	48_48	Mm_AGM_001
	C048	TGTGGTGAGAGTTGGT	48_48	Mm_AGM_001
	R048	TGTGGTAGACACGAGA	48_48	Mm_ADGM_001
	C048	TGTGGTGAGAGTTGGT	48_48	Mm_ADGM_001
	C001	ACTCGTAGCAACAGGT	240_256	Mm_AGM_002
	C002	ACACACGTCTGTTCTC	240_256	Mm_AGM_002
	C003	TGACGACAACGTGTGT	240_256	Mm_AGM_002
	C004	TGGAACGAGTCTCTTC	240_256	Mm_AGM_002
	C005	AGTCCACACTCAGTAC	240_256	Mm_AGM_002
	C006	TGGTGTTCCTACAGCT	240_256	Mm_AGM_002
	C007	ACACAGAGGTGAACAC	240_256	Mm_AGM_002
	C008	TCCACAGACTTCGTCA	240_256	Mm_AGM_002
	C009	TCCTTCACGTTGTCAC	240_256	Mm_AGM_002
	C010	TGGAAGAGTCGATCCT	240_256	Mm_AGM_002
	C011	ACTCGTCTGACTTCGA	240_256	Mm_AGM_002
	C012	CACTACTCCTTGCTAC	240_256	Mm_AGM_002
	C013	TCCTTCACGACACTGT	240_256	Mm_AGM_002
	C014	ACTGACGTTGTGGTAG	240_256	Mm_AGM_002
	C015	TGGTGTGAGTCTTCCA	240_256	Mm_AGM_002
	C016	CAGAAGTGGAGAACGT	240_256	Mm_AGM_002
	C017	CTAGTGGACAAGGACT	240_256	Mm_AGM_002
	C018	ACTGAGACGAACACGA	240_256	Mm_AGM_002
	C019	ACTCGACACTTCTGGA	240_256	Mm_AGM_002
	C020	CTCTTCCTCTCACTTG	240_256	Mm_AGM_002
	C021	ACAGGAAGGTGAGTGA	240_256	Mm_AGM_002
	C022	AGACTGAGGTACCAGA	240_256	Mm_AGM_002
	C023	TGTGGTTCTGTGGACT	240_256	Mm_AGM_002
	C024	AGTGTGTCTCGTAGGA	240_256	Mm_AGM_002
	C025	ACGTACAGCACTACCT	240_256	Mm_AGM_002
	C026	ACCAAGTCTCGAGTTG	240_256	Mm_AGM_002
	C027	AGTCCTACCACTGAGT	240_256	Mm_AGM_002
	C028	AGTCCTCTACCTGTCA	240_256	Mm_AGM_002
	C029	CAACGTGAACTCAGAC	240_256	Mm_AGM_002
	C030	TGTGGTAGACACGAGA	240_256	Mm_AGM_002
	C031	TCACCACAGAGTTCCT	240_256	Mm_AGM_002
	C032	CATCAGACCTACGAAC	240_256	Mm_AGM_002
	C033	ACTCGTAGCTGTGAAC	240_256	Mm_AGM_002
	C034	AGTGTCGTTGCTTGGT	240_256	Mm_AGM_002
	C035	AGGACTTGGACAGTGT	240_256	Mm_AGM_002
	C036	TGGAACCACACTGAGT	240_256	Mm_AGM_002
	C037	TGTGGATGGTCTAGGA	240_256	Mm_AGM_002
	C038	AGGTTGTGCAGTCTAC	240_256	Mm_AGM_002
	C039	CTTGCAACCTGACTAC	240_256	Mm_AGM_002
	C040	TCGTCTCTTCGAGTCT	240_256	Mm_AGM_002
	C041	ACGTACACCTAGCACA	240_256	Mm_AGM_002
	C042	ACACACTCGTAGTCCT	240_256	Mm_AGM_002
	C043	TGTGGTGAGAGTTGGT	240_256	Mm_AGM_002
	C044	TGGAACGAAGTGCAGA	240_256	Mm_AGM_002
	C045	CAGAACGTGTGTAGAC	240_256	Mm_AGM_002
	C046	TGACGTTCTCGACTCT	240_256	Mm_AGM_002
	C047	TCCTTGACTGGAGACT	240_256	Mm_AGM_002
	C048	ACACAGGAACGATCGA	240_256	Mm_AGM_002
	C049	TGGTGACAGTAGTGGT	240_256	Mm_AGM_002
	C050	ACGTAGGTAGCTCACA	240_256	Mm_AGM_002
	C051	TCGATGTCACCAAGGT	240_256	Mm_AGM_002
	C052	CTTCTCTGTGGTAGGT	240_256	Mm_AGM_002
	C053	TCCACTCATCGTACCA	240_256	Mm_AGM_002
	C054	ACGAGAGTGTTGTCGA	240_256	Mm_AGM_002
	C055	ACGAGAACACTGACAC	240_256	Mm_AGM_002
	C056	AGGACTCAGACTTGTC	240_256	Mm_AGM_002
	C057	CTACCTCACTTCGTGT	240_256	Mm_AGM_002
	C058	CTACCTGAACCACTGA	240_256	Mm_AGM_002
	C059	AGGTTCCAGACTCACA	240_256	Mm_AGM_002
	C060	AGGTTCGACTCTGTAG	240_256	Mm_AGM_002
	C061	ACCAACACCACAGTCA	240_256	Mm_AGM_002
	C062	ACCTGTTCACCTCTCA	240_256	Mm_AGM_002
	C063	ACTCGTACCTCACTGA	240_256	Mm_AGM_002
	C064	ACTCGATCCAGTTGTC	240_256	Mm_AGM_002
	C065	CTACCACTGTTCAGAC	240_256	Mm_AGM_002
	C066	TCTCTGGTTCGTGTCA	240_256	Mm_AGM_002
	C067	ACAGGTGTTCGATGGT	240_256	Mm_AGM_002
	C068	ACGAGTGTCTACGTGT	240_256	Mm_AGM_002
	C069	TGCTACGTACCTCAAC	240_256	Mm_AGM_002
	C070	ACCTGAACGAGTCTTG	240_256	Mm_AGM_002
	C071	ACGTAGCACAACCTTG	240_256	Mm_AGM_002
	C072	CAACGACTACCTTGCT	240_256	Mm_AGM_002
	C073	ACGTAGACGACTGATC	240_256	Mm_AGM_002
	C074	CTAGTCAGGTCAACGA	240_256	Mm_AGM_002
	C075	ACACACTCGAGACTTC	240_256	Mm_AGM_002
	C076	CAACGACAGTGTGAAC	240_256	Mm_AGM_002
	C077	ACGTAGTGCAAGAGGA	240_256	Mm_AGM_002
	C078	CTCTTGGTTCAGTCTG	240_256	Mm_AGM_002
	C079	ACTCGTCTACTGTGTC	240_256	Mm_AGM_002
	C080	AGTGTCCTAGTCGTCT	240_256	Mm_AGM_002
	C081	CTCACACAACCTTCAG	240_256	Mm_AGM_002
	C082	ACGTACCTAGAGCTGT	240_256	Mm_AGM_002
	C083	CTGTCACTACCACTAC	240_256	Mm_AGM_002
	C084	CAGAAGGACAACACAC	240_256	Mm_AGM_002
	C085	CTACCAAGCTGTTCAG	240_256	Mm_AGM_002
	C086	CAAGAGGACAGTTCTG	240_256	Mm_AGM_002
	C087	TGGTGTCACTTCGAGA	240_256	Mm_AGM_002
	C088	AGAGCTACCTACCTGT	240_256	Mm_AGM_002
	C089	ACCAAGGAGACTCTGA	240_256	Mm_AGM_002
	C090	TGCTAGGTTCGAAGAG	240_256	Mm_AGM_002
	C091	AGACTCGTTCACACGT	240_256	Mm_AGM_002
	C092	ACACACCTAGGAGTCA	240_256	Mm_AGM_002
	C093	CAACGTGTACAGTCGA	240_256	Mm_AGM_002
	C094	TGGAACTCCTACGATG	240_256	Mm_AGM_002
	C095	CTACCTTGCTTGTGTC	240_256	Mm_AGM_002
	C096	CAAGACGAGTTGACCT	240_256	Mm_AGM_002
	C097	CTTCTCCACTACCAGA	240_256	Mm_AGM_002
	C098	TGGAAGTGACAGGAGT	240_256	Mm_AGM_002
	C099	TCAGTGGATCGAACCT	240_256	Mm_AGM_002
	C100	TGGAACCTCAGACTAG	240_256	Mm_AGM_002
	C101	AGGACTCAACTGTCGA	240_256	Mm_AGM_002
	C102	CAGTGTGAACCTTGTG	240_256	Mm_AGM_002
	C103	TGGTGTGTACGTGTAG	240_256	Mm_AGM_002
	C104	AGAGCTTCGAACGATC	240_256	Mm_AGM_002
	C105	CACTACAGGTGTTCCA	240_256	Mm_AGM_002
	C106	TCCTTGTCAGAGTCGT	240_256	Mm_AGM_002
	C107	CTTCTCCTTCTCAGTG	240_256	Mm_AGM_002
	C108	AGGACTACCTGTGTCA	240_256	Mm_AGM_002
	C109	ACGAGTAGTCTGGAGT	240_256	Mm_AGM_002
	C110	TCACCACAGTACCTTC	240_256	Mm_AGM_002
	C111	TCGTCAAGCTAGGTGA	240_256	Mm_AGM_002
	C112	CAAGACGTGTACTGTG	240_256	Mm_AGM_002
	C113	ACTCGTTGAGGATGGA	240_256	Mm_AGM_002
	C114	ACCTGTTGACGAGATC	240_256	Mm_AGM_002
	C115	ACCAACACTGCTAGGT	240_256	Mm_AGM_002
	C116	ACCAAGTGTGTCTGTC	240_256	Mm_AGM_002
	C117	CTCTTCACGTTCCTCA	240_256	Mm_AGM_002
	C118	AGAGCTGTTGGTACGA	240_256	Mm_AGM_002
	C119	ACAGGAAGAGACGATC	240_256	Mm_AGM_002
	C120	CTACCAGATCGTACGT	240_256	Mm_AGM_002
	C121	ACGTAGCTTCCTGTAG	240_256	Mm_AGM_002
	C122	ACGTAGACACTGGTGA	240_256	Mm_AGM_002
	C123	TGAGAGTGGTGTTCGT	240_256	Mm_AGM_002
	C124	TGTCACCTTGTCCTGA	240_256	Mm_AGM_002
	C125	TCGTCTACACACGTTC	240_256	Mm_AGM_002
	C126	TCACCTTGTCTGTCCT	240_256	Mm_AGM_002
	C127	CAACGTCATCCTCTTC	240_256	Mm_AGM_002
	C128	TCAGTCACACGTTCGT	240_256	Mm_AGM_002
	C129	ACGAGAAGGTAGCTCT	240_256	Mm_AGM_002
	C130	TGACGAACCACACTTC	240_256	Mm_AGM_002
	C131	CTTGCTGAACGAAGAG	240_256	Mm_AGM_002
	C132	ACAGGTCTACAGGTCT	240_256	Mm_AGM_002
	C133	TCCACAACTCAGGACA	240_256	Mm_AGM_002
	C134	TCGTCTCTCTGTAGGA	240_256	Mm_AGM_002
	C135	CTCTTGTCAGACCTTG	240_256	Mm_AGM_002
	C136	CTCTTGCTACGAGAAG	240_256	Mm_AGM_002
	C137	CACAGAAGTCCTGAAC	240_256	Mm_AGM_002
	C138	AGGACACATGGTACAC	240_256	Mm_AGM_002
	C139	TGGTGTCTTGGTCACA	240_256	Mm_AGM_002
	C140	CTCACTAGAGGTACAC	240_256	Mm_AGM_002
	C141	CACTACACGTCAAGTC	240_256	Mm_AGM_002
	C142	ACCTGAAGGACAGACT	240_256	Mm_AGM_002
	C143	CACTAGGACTCTTGAC	240_256	Mm_AGM_002
	C144	TCCACAACCAGTGTAC	240_256	Mm_AGM_002
	C145	ACGTAGTCCTCTCTGT	240_256	Mm_AGM_002
	C146	ACCTGAGAGTTCCTGT	240_256	Mm_AGM_002
	C147	CACAGTTCCTTGTCGA	240_256	Mm_AGM_002
	C148	ACGTAGCTCTCAAGTC	240_256	Mm_AGM_002
	C149	TCAGTGTGGAGAAGGA	240_256	Mm_AGM_002
	C150	CAACGTGTGTACCACT	240_256	Mm_AGM_002
	C151	TGAGACGAGACTACGA	240_256	Mm_AGM_002
	C152	TGAGAGTGGAACCTAC	240_256	Mm_AGM_002
	C153	ACAGGTCAGTTGTCAC	240_256	Mm_AGM_002
	C154	ACTCGTCAACACACCA	240_256	Mm_AGM_002
	C155	TGGAAGTCGACACACT	240_256	Mm_AGM_002
	C156	AGTCCACTTCGATCCT	240_256	Mm_AGM_002
	C157	ACCTGTAGTCAGTCAC	240_256	Mm_AGM_002
	C158	AGTGTGGTAGGAGAGA	240_256	Mm_AGM_002
	C159	AGACTGACGACAACGT	240_256	Mm_AGM_002
	C160	CAAGACCTCTGTGTAG	240_256	Mm_AGM_002
	C161	ACCTGTTCGATGCAAC	240_256	Mm_AGM_002
	C162	CTACCACAACACCACT	240_256	Mm_AGM_002
	C163	ACAGGTTCACACTGAC	240_256	Mm_AGM_002
	C164	CACTACTGTGGAGTTC	240_256	Mm_AGM_002
	C165	CTTCTCGAGTGTACCA	240_256	Mm_AGM_002
	C166	TGGTGTACGAACTCAC	240_256	Mm_AGM_002
	C167	CAAGAGGTTCTCACAG	240_256	Mm_AGM_002
	C168	AGGACAACACCTCAGA	240_256	Mm_AGM_002
	C169	TCCTTGTCGTGTTGTG	240_256	Mm_AGM_002
	C170	CAGAAGCTACTCGAAC	240_256	Mm_AGM_002
	C171	ACAGGAACGATCTGGT	240_256	Mm_AGM_002
	C172	AGTCCAACAGGTCTCT	240_256	Mm_AGM_002
	C173	CAACGACAAGAGGTCA	240_256	Mm_AGM_002
	C174	CAGAACGTGAACGAGT	240_256	Mm_AGM_002
	C175	ACGTAGGTGACATCGT	240_256	Mm_AGM_002
	C176	ACGTACTCAGACAGTC	240_256	Mm_AGM_002
	C177	AGCTCTACTCCACTAC	240_256	Mm_AGM_002
	C178	TCGTCTTCTCGTTGAC	240_256	Mm_AGM_002
	C179	CACTACGAGAAGAGGA	240_256	Mm_AGM_002
	C180	TCCTTCGAACACTGAC	240_256	Mm_AGM_002
	C181	ACTGAGGTACGTCTGT	240_256	Mm_AGM_002
	C182	ACGTACCTGAACTGCA	240_256	Mm_AGM_002
	C183	CAGTGAAGTGACCTAC	240_256	Mm_AGM_002
	C184	ACCAACGTCACTTGAG	240_256	Mm_AGM_002
	C185	ACGAGAGAACAGGTTG	240_256	Mm_AGM_002
	C186	ACCTGACTTGACTGGT	240_256	Mm_AGM_002
	C187	AGTCCTAGTCACCACT	240_256	Mm_AGM_002
	C188	TCCTTGTGACCTGAGA	240_256	Mm_AGM_002
	C189	AGTGTGTCCAAGACTC	240_256	Mm_AGM_002
	C190	CTCTTCAGGTAGGATC	240_256	Mm_AGM_002
	C191	CACTACCTTGCAACAG	240_256	Mm_AGM_002
	C192	CAGAACCTTCAGTGAG	240_256	Mm_AGM_002
	C193	CACTAGGTCTGAACGA	240_256	Mm_AGM_002
	C194	CAGAAGACCTCTACCA	240_256	Mm_AGM_002
	C195	AGTCCAGAGTTGTGTC	240_256	Mm_AGM_002
	C196	CACTACCATCACCAAC	240_256	Mm_AGM_002
	C197	ACGTAGGTACTCTGTG	240_256	Mm_AGM_002
	C198	CTCACACTACGAAGGT	240_256	Mm_AGM_002
	C199	CTACCTCTTGGTCTCT	240_256	Mm_AGM_002
	C200	CTAGTGACTCCTACTC	240_256	Mm_AGM_002
	C201	CTACCTAGAGTCGACA	240_256	Mm_AGM_002
	C202	TCCTTCGTAGCAGTAG	240_256	Mm_AGM_002
	C203	CTTCTCCTCACAACGT	240_256	Mm_AGM_002
	C204	TGGTGATGGAGTACCT	240_256	Mm_AGM_002
	C205	TCGTCTTGTGTGGTAG	240_256	Mm_AGM_002
	C206	CACAGAGTTCGTAGTG	240_256	Mm_AGM_002
	C207	TCTGCTACACCTAGGA	240_256	Mm_AGM_002
	C208	CAACGTGAGACAACCA	240_256	Mm_AGM_002
	C209	ACCTGTCTGTCTGTTC	240_256	Mm_AGM_002
	C210	CTTCTCTGTCACGAAC	240_256	Mm_AGM_002
	C211	CAACGTCTTGAGAGTG	240_256	Mm_AGM_002
	C212	ACGAGTTGACCATCCT	240_256	Mm_AGM_002
	C213	TGGTGAGATCGTAGGA	240_256	Mm_AGM_002
	C214	ACGTAGTCCATCTCAC	240_256	Mm_AGM_002
	C215	TGGTGATGGTACGTTC	240_256	Mm_AGM_002
	C216	TCAGTGTCGTTCCTGT	240_256	Mm_AGM_002
	C217	TGCTACCTCACAAGGA	240_256	Mm_AGM_002
	C218	TGGAAGTCGTTGTGTC	240_256	Mm_AGM_002
	C219	TCAGTCGAACCTCTCA	240_256	Mm_AGM_002
	C220	TCTCTCGAAGACGACA	240_256	Mm_AGM_002
	C221	ACGAGTTCAGACGACA	240_256	Mm_AGM_002
	C222	CTCTTGTCGAAGTGAC	240_256	Mm_AGM_002
	C223	ACGAGATGCAAGGAAC	240_256	Mm_AGM_002
	C224	TGTGGTTCCATCACGA	240_256	Mm_AGM_002
	C225	CTCTTCACGACTTCTG	240_256	Mm_AGM_002
	C226	AGTCCTCAACGACATC	240_256	Mm_AGM_002
	C227	ACTCGATCCTACCACT	240_256	Mm_AGM_002
	C228	CTAGTCACGAACCAGT	240_256	Mm_AGM_002
	C229	ACCTGTGACTAGACGA	240_256	Mm_AGM_002
	C230	TGAGACACAGGAAGGA	240_256	Mm_AGM_002
	C231	CAAGACTGTCCAGAAG	240_256	Mm_AGM_002
	C232	ACCTGTAGTGGACTGT	240_256	Mm_AGM_002
	C233	TGACGATCACCTACCA	240_256	Mm_AGM_002
	C234	AGGACATCCACAAGAC	240_256	Mm_AGM_002
	C235	TGGTGTAGAGTCGTCT	240_256	Mm_AGM_002
	C236	TCACCTGTACGAAGCA	240_256	Mm_AGM_002
	C237	CTACCTACAGAGCTTC	240_256	Mm_AGM_002
	C238	TCTCTGTGGTTGTCGA	240_256	Mm_AGM_002
	C239	CTACCAGTTCCATGAG	240_256	Mm_AGM_002
	C240	TGTCAGGACTTGGAGT	240_256	Mm_AGM_002
	R001	AGGTTCGTCTGACAGT	240_256	Mm_AGM_002
	R002	CTTGCTGTACCTTCGT	240_256	Mm_AGM_002
	R003	TGGTGTGTGAAGGACT	240_256	Mm_AGM_002
	R004	TGGTGTAGGATGAGGA	240_256	Mm_AGM_002
	R005	TCGATGACCTTCTGGA	240_256	Mm_AGM_002
	R006	TGTGGTAGAGGTAGAG	240_256	Mm_AGM_002
	R007	CAAGAGAGTGGTACCT	240_256	Mm_AGM_002
	R008	TCAGTGTGGTAGGAAG	240_256	Mm_AGM_002
	R009	TGGTGAACTCCTGACT	240_256	Mm_AGM_002
	R010	ACTGACCTGTTCTCGT	240_256	Mm_AGM_002
	R011	TGGAAGACTCCTAGTG	240_256	Mm_AGM_002
	R012	AGTGTGGAACTCTCGT	240_256	Mm_AGM_002
	R013	TGCTAGGTTGAGGAGA	240_256	Mm_AGM_002
	R014	ACACACGTCAACCTCT	240_256	Mm_AGM_002
	R015	AGTGTCTCGTCTTCCA	240_256	Mm_AGM_002
	R016	TCCTTGAGTCTCTCCA	240_256	Mm_AGM_002
	R017	TGTCACAGGTAGGTTG	240_256	Mm_AGM_002
	R018	TCGTCTTCTGACCAGT	240_256	Mm_AGM_002
	R019	CAGTGTGTAGAGGTTC	240_256	Mm_AGM_002
	R020	ACGTACGATCTCCTCA	240_256	Mm_AGM_002
	R021	CAGAACCACACAAGTG	240_256	Mm_AGM_002
	R022	TCGTCACTAGTCCTTG	240_256	Mm_AGM_002
	R023	AGGTTCAGTCCTCTGT	240_256	Mm_AGM_002
	R024	AGGTTGCACTAGGATC	240_256	Mm_AGM_002
	R025	CTAGTGTGAGGAACAG	240_256	Mm_AGM_002
	R026	ACCTGAAGAGCTACGA	240_256	Mm_AGM_002
	R027	CTACCACAGAGACTAG	240_256	Mm_AGM_002
	R028	CAAGAGAGTCACGTTC	240_256	Mm_AGM_002
	R029	AGTCCTCTGTCAAGGT	240_256	Mm_AGM_002
	R030	AGAGCTCAAGTGGTTC	240_256	Mm_AGM_002
	R031	CTACCAGATGACGTAC	240_256	Mm_AGM_002
	R032	ACTGACCTGACTCTAC	240_256	Mm_AGM_002
	R033	TGCTACAGGAAGTCGT	240_256	Mm_AGM_002
	R034	ACTCGTACTGTCCATC	240_256	Mm_AGM_002
	R035	CTACCAGTCTCTCTTC	240_256	Mm_AGM_002
	R036	CATGGTTGTCGACTAC	240_256	Mm_AGM_002
	R037	CTACCTGTGTGAACTG	240_256	Mm_AGM_002
	R038	AGGTTGACGATGTCCA	240_256	Mm_AGM_002
	R039	CTACCACTAGCAACCA	240_256	Mm_AGM_002
	R040	AGACTCTCACGAACAC	240_256	Mm_AGM_002
	R041	AGGACACTCTTCTCTC	240_256	Mm_AGM_002
	R042	CTAGTCTCCAGTACCT	240_256	Mm_AGM_002
	R043	ACCAAGAGACTCACGT	240_256	Mm_AGM_002
	R044	AGAGCAAGGTACTGAC	240_256	Mm_AGM_002
	R045	CTACCAAGTCGACATC	240_256	Mm_AGM_002
	R046	ACGAGTTGGTCTCAGA	240_256	Mm_AGM_002
	R047	AGGACTCTGAGAACCA	240_256	Mm_AGM_002
	R048	ACAGGAGAGAACCACA	240_256	Mm_AGM_002
	R049	AGGACTCTACACAGAC	240_256	Mm_AGM_002
	R050	CACTAGGATCCACTTG	240_256	Mm_AGM_002
	R051	ACTCGTTCGTTGAGCA	240_256	Mm_AGM_002
	R052	CAACGAACTCTGTGTC	240_256	Mm_AGM_002
	R053	TGTCACTCCTCTACGT	240_256	Mm_AGM_002
	R054	ACTCGTCAGAGAAGAC	240_256	Mm_AGM_002
	R055	AGACTCCAAGTGACCA	240_256	Mm_AGM_002
	R056	TGCTACTGTGGTACGA	240_256	Mm_AGM_002
	R057	AGTCCTTCGATCTCCT	240_256	Mm_AGM_002
	R058	CTGTCTTCCTGTTCGT	240_256	Mm_AGM_002
	R059	AGGACAGTAGTGGTCA	240_256	Mm_AGM_002
	R060	AGGTTCGATGTGGACT	240_256	Mm_AGM_002
	R061	TGCTAGTCGTAGGTCT	240_256	Mm_AGM_002
	R062	ACCAACTCGATGTGGA	240_256	Mm_AGM_002
	R063	ACCTGAGAGACTTCAC	240_256	Mm_AGM_002
	R064	TCACCTAGACCAGAGT	240_256	Mm_AGM_002
	R065	ACGAGAACGACTAGCA	240_256	Mm_AGM_002
	R066	CAAGAGTCACCAACGA	240_256	Mm_AGM_002
	R067	CTAGTGGTCTCTTCCA	240_256	Mm_AGM_002
	R068	TCGATGGACTACCACT	240_256	Mm_AGM_002
	R069	TGTGGTTCCTCTGTAG	240_256	Mm_AGM_002
	R070	CTTGCTACGTCTACAG	240_256	Mm_AGM_002
	R071	CAGAAGACCATCGTTG	240_256	Mm_AGM_002
	R072	ACAGGAAGACGTAGCT	240_256	Mm_AGM_002
	R073	TCACCTACACGTCTAG	240_256	Mm_AGM_002
	R074	ACTCGTAGTGAGGTCA	240_256	Mm_AGM_002
	R075	TCTGCACTAGGTTGGT	240_256	Mm_AGM_002
	R076	ACCAAGCTCAAGTCTC	240_256	Mm_AGM_002
	R077	ACTGACGACAAGTCCA	240_256	Mm_AGM_002
	R078	ACGAGTCAAGTCAGGT	240_256	Mm_AGM_002
	R079	CAGAACGTAGAGACCA	240_256	Mm_AGM_002
	R080	CAGAACTCCTAGAGGT	240_256	Mm_AGM_002
	R081	CTAGTGACCTCAGAAG	240_256	Mm_AGM_002
	R082	TGAGACCTCTGAACCT	240_256	Mm_AGM_002
	R083	ACCAAGACAGGACAGA	240_256	Mm_AGM_002
	R084	CAGTGAAGTCGTTCGT	240_256	Mm_AGM_002
	R085	AGGACAAGAGAGACGT	240_256	Mm_AGM_002
	R086	ACGAGTTGAGTGCTTC	240_256	Mm_AGM_002
	R087	AGCTCTTCGACTACGA	240_256	Mm_AGM_002
	R088	CTACCTACACGATCCT	240_256	Mm_AGM_002
	R089	TGGTGTAGGTCAGAAG	240_256	Mm_AGM_002
	R090	CTTCTGTCAGGTGTAC	240_256	Mm_AGM_002
	R091	CAGAAGTCGTTCCAGA	240_256	Mm_AGM_002
	R092	TGGAAGCTGTTCGTGT	240_256	Mm_AGM_002
	R093	AGTGTGGAAGCTCTAC	240_256	Mm_AGM_002
	R094	ACAGGAGTGTCAACCT	240_256	Mm_AGM_002
	R095	CAACGTTCTGACCTGA	240_256	Mm_AGM_002
	R096	ACCTGAAGACTCGTAG	240_256	Mm_AGM_002
	R097	CTACCTAGGATGACGT	240_256	Mm_AGM_002
	R098	AGGTTCACTCGAGAAG	240_256	Mm_AGM_002
	R099	AGTGTCACCTTCGAGA	240_256	Mm_AGM_002
	R100	CTCTTCCATCGAACGA	240_256	Mm_AGM_002
	R101	TGACGAGTCTTCGAAC	240_256	Mm_AGM_002
	R102	ACCTGTGTCTTCTGAC	240_256	Mm_AGM_002
	R103	ACTGACTCGTTGGATC	240_256	Mm_AGM_002
	R104	TGACGTACAGGAGAAC	240_256	Mm_AGM_002
	R105	AGACTGAGAGGACTTC	240_256	Mm_AGM_002
	R106	CACAGTGAGAAGGAAC	240_256	Mm_AGM_002
	R107	AGCTCAGTGAACCTAC	240_256	Mm_AGM_002
	R108	ACTCGTCTGTTCCTAG	240_256	Mm_AGM_002
	R109	AGCTCTAGCAAGGTTC	240_256	Mm_AGM_002
	R110	AGTCCAACACACTCTC	240_256	Mm_AGM_002
	R111	CAGAAGAGTCGTCTAG	240_256	Mm_AGM_002
	R112	TCGATCCTCAACAGGT	240_256	Mm_AGM_002
	R113	ACACACACCAAGAGAC	240_256	Mm_AGM_002
	R114	CAAGACACGAGAACAG	240_256	Mm_AGM_002
	R115	CAGAACACGAAGTCTC	240_256	Mm_AGM_002
	R116	CACAGTACACCTACGT	240_256	Mm_AGM_002
	R117	TGTGGTAGGAGAGTTC	240_256	Mm_AGM_002
	R118	ACGTAGCACTGTTCCA	240_256	Mm_AGM_002
	R119	CAGAACAGACCAACAC	240_256	Mm_AGM_002
	R120	TGCTACGAACGAGTGA	240_256	Mm_AGM_002
	R121	ACAGGAGAAGAGTCGT	240_256	Mm_AGM_002
	R122	ACGTAGGAGAGTAGAG	240_256	Mm_AGM_002
	R123	ACCAAGAGAGCTGTAC	240_256	Mm_AGM_002
	R124	ACGAGTCTGAACCATC	240_256	Mm_AGM_002
	R125	CTAGTCAGGATGGTAG	240_256	Mm_AGM_002
	R126	ACTCGACTTGGTAGCA	240_256	Mm_AGM_002
	R127	ACGTACTGAGTGTCCA	240_256	Mm_AGM_002
	R128	TCACCACAAGGACAGA	240_256	Mm_AGM_002
	R129	CACAGACTAGGTTCGA	240_256	Mm_AGM_002
	R130	ACACACGTTCGACAAG	240_256	Mm_AGM_002
	R131	TCACCAGACAACGAGT	240_256	Mm_AGM_002
	R132	CAAGACGAGACAGTTC	240_256	Mm_AGM_002
	R133	ACCTGTGATGGTAGTC	240_256	Mm_AGM_002
	R134	AGTCCATCTCGTGAAC	240_256	Mm_AGM_002
	R135	CTAGTGGTTGTGTGAC	240_256	Mm_AGM_002
	R136	TCCACTACGTTGCTGA	240_256	Mm_AGM_002
	R137	CACTAGCAGTTCGTTC	240_256	Mm_AGM_002
	R138	ACAGGTTCGTAGCTTG	240_256	Mm_AGM_002
	R139	CAACGTACGAGAGTGT	240_256	Mm_AGM_002
	R140	AGTCCAACGTAGCAAG	240_256	Mm_AGM_002
	R141	CTACCTTGTGCTTCGA	240_256	Mm_AGM_002
	R142	AGTGTGACGTAGTGGT	240_256	Mm_AGM_002
	R143	TCCTTCTCTCCTACAG	240_256	Mm_AGM_002
	R144	TGTCAGGTCAGTTCGA	240_256	Mm_AGM_002
	R145	ACACAGCTTCTCCTTC	240_256	Mm_AGM_002
	R146	TGGAAGTCACTCCTAG	240_256	Mm_AGM_002
	R147	ACTGACTGGTACCTCA	240_256	Mm_AGM_002
	R148	AGGTTGAGGTGTGACT	240_256	Mm_AGM_002
	R149	TGTGGACTAGAGGTAG	240_256	Mm_AGM_002
	R150	ACGAGAAGAGGTCAAG	240_256	Mm_AGM_002
	R151	AGGTTGTGCTACTCGT	240_256	Mm_AGM_002
	R152	TGCTACTCCTTCTCCA	240_256	Mm_AGM_002
	R153	CACTAGGTTGACAGTC	240_256	Mm_AGM_002
	R154	TCACCACTACTCACGT	240_256	Mm_AGM_002
	R155	ACACACTGACTGGTAC	240_256	Mm_AGM_002
	R156	TGACGATGGAACTCGA	240_256	Mm_AGM_002
	R157	ACGTAGAGGTAGTCTG	240_256	Mm_AGM_002
	R158	AGGACTCAGTTCCACT	240_256	Mm_AGM_002
	R159	AGTGTCCAGAACTCAC	240_256	Mm_AGM_002
	R160	TCGATCAGGTTCCTAG	240_256	Mm_AGM_002
	R161	TGTGGAAGTCTGTGGT	240_256	Mm_AGM_002
	R162	ACGTACCAGTCAGTCT	240_256	Mm_AGM_002
	R163	CTAGTCCACTTCACAG	240_256	Mm_AGM_002
	R164	ACAGGTAGTCCACACA	240_256	Mm_AGM_002
	R165	ACACAGTCCTTCGTCA	240_256	Mm_AGM_002
	R166	TGACGTGAACTGGACA	240_256	Mm_AGM_002
	R167	TCCTTGTCACGACTAC	240_256	Mm_AGM_002
	R168	TGAGAGGTTCTGGTCT	240_256	Mm_AGM_002
	R169	TCACCTACGAAGCACT	240_256	Mm_AGM_002
	R170	TGTGGTACGTTCTGTG	240_256	Mm_AGM_002
	R171	TCGTCACAAGAGGACT	240_256	Mm_AGM_002
	R172	CTCACTTCTCCAACTG	240_256	Mm_AGM_002
	R173	CAACGAAGTCACACCA	240_256	Mm_AGM_002
	R174	ACGTAGCTTGTCACGA	240_256	Mm_AGM_002
	R175	CAGAACACAGACCAAG	240_256	Mm_AGM_002
	R176	CTACCTCACACTACAC	240_256	Mm_AGM_002
	R177	ACGAGAGAGTACAGAC	240_256	Mm_AGM_002
	R178	CAAGACGTACAGCTAC	240_256	Mm_AGM_002
	R179	TCCTTCGAGAGATCCA	240_256	Mm_AGM_002
	R180	ACCAACTGACGAAGCA	240_256	Mm_AGM_002
	R181	TGTGGTGAAGGACTCA	240_256	Mm_AGM_002
	R182	CTACCTTCTCAGGAGT	240_256	Mm_AGM_002
	R183	CAACGAAGCAGAAGAC	240_256	Mm_AGM_002
	R184	TCCACTGTAGCAACGT	240_256	Mm_AGM_002
	R185	ACGAGAAGACACTGGA	240_256	Mm_AGM_002
	R186	TGACGTACACAGAGGT	240_256	Mm_AGM_002
	R187	CTGTCTACGTACGACT	240_256	Mm_AGM_002
	R188	CAAGAGTGACGTTGAC	240_256	Mm_AGM_002
	R189	CTACCTCTTCACTCTC	240_256	Mm_AGM_002
	R190	CAAGAGCAGAACGAAG	240_256	Mm_AGM_002
	R191	ACCAACCAGTGATGTC	240_256	Mm_AGM_002
	R192	ACTCGTCAAGGTGTTG	240_256	Mm_AGM_002
	R193	ACTCGTGACAAGCTTC	240_256	Mm_AGM_002
	R194	CTGTCTAGGTTGCTTG	240_256	Mm_AGM_002
	R195	CACAGTTCCACACTAG	240_256	Mm_AGM_002
	R196	CAAGACCTCAACACGA	240_256	Mm_AGM_002
	R197	CTACCTACGTGTCAGA	240_256	Mm_AGM_002
	R198	ACAGGACACAGTACGA	240_256	Mm_AGM_002
	R199	ACGAGAGTAGCTTGTC	240_256	Mm_AGM_002
	R200	CTAGTCGAACCATCAC	240_256	Mm_AGM_002
	R201	TCGATCGTAGGATGGA	240_256	Mm_AGM_002
	R202	TCCACTAGAGGAGTCA	240_256	Mm_AGM_002
	R203	TCACCTGAAGTCCTCT	240_256	Mm_AGM_002
	R204	TCCACAGTTGGTCTGA	240_256	Mm_AGM_002
	R205	TCTCTCCTCTTCACCA	240_256	Mm_AGM_002
	R206	CTCTTCCACAACAGTC	240_256	Mm_AGM_002
	R207	TCTCTCGAACGTAGTG	240_256	Mm_AGM_002
	R208	TCCACTGAGTAGTCCT	240_256	Mm_AGM_002
	R209	CAACGTACACACGATG	240_256	Mm_AGM_002
	R210	CTCACACTAGAGGAAC	240_256	Mm_AGM_002
	R211	CAAGACGAACTCGAGA	240_256	Mm_AGM_002
	R212	TGGAAGACCTCAGTAC	240_256	Mm_AGM_002
	R213	TCTCTCGTACCATCCT	240_256	Mm_AGM_002
	R214	TCGATCCTTGAGGTCA	240_256	Mm_AGM_002
	R215	AGGACAGAAGACCATC	240_256	Mm_AGM_002
	R216	TCCACTGAACACCAGA	240_256	Mm_AGM_002
	R217	ACGAGTTCACGTAGTG	240_256	Mm_AGM_002
	R218	ACCAACTCGTCACAAG	240_256	Mm_AGM_002
	R219	TCGTCTGTAGGACAAC	240_256	Mm_AGM_002
	R220	ACGAGTACCAGACACT	240_256	Mm_AGM_002
	R221	AGTCCTACTGCAACCA	240_256	Mm_AGM_002
	R222	AGTGTCTGGTGAAGTC	240_256	Mm_AGM_002
	R223	CACAGTAGGTGTCTTC	240_256	Mm_AGM_002
	R224	TGAGACTCCAACTGGT	240_256	Mm_AGM_002
	R225	AGTCCTACTCTGGTTG	240_256	Mm_AGM_002
	R226	ACGAGACACAACTCCT	240_256	Mm_AGM_002
	R227	CAACGAAGCTAGGAGT	240_256	Mm_AGM_002
	R228	AGCTCTTCGTTCGTAG	240_256	Mm_AGM_002
	R229	CACTAGGTTCGTGACT	240_256	Mm_AGM_002
	R230	CTCACTACGTTCTCTC	240_256	Mm_AGM_002
	R231	ACCTGATCTCGAACCT	240_256	Mm_AGM_002
	R232	ACTCGTACTCCTTGCT	240_256	Mm_AGM_002
	R233	TGCTACACACCAACCT	240_256	Mm_AGM_002
	R234	AGGTTCTCAGGACTCA	240_256	Mm_AGM_002
	R235	AGTCCAGAACTCCTAG	240_256	Mm_AGM_002
	R236	AGGACAACGATGCTTC	240_256	Mm_AGM_002
	R237	ACCTGAGTGAGAAGGA	240_256	Mm_AGM_002
	R238	AGGACTTCAGGATCTC	240_256	Mm_AGM_002
	R239	TGTGGAACTGGTGTGA	240_256	Mm_AGM_002
	R240	TCGTCTAGGACTCTAC	240_256	Mm_AGM_002
	R241	CACTACCTTCTGGTGA	240_256	Mm_AGM_002
	R242	ACAGGAGTGATGGTTC	240_256	Mm_AGM_002
	R243	CTAGTGGTCATCCTTG	240_256	Mm_AGM_002
	R244	CTGTCTTGTCCTGTTC	240_256	Mm_AGM_002
	R245	CAACGATCACCAGTAC	240_256	Mm_AGM_002
	R246	CAAGACGTAGGATCGT	240_256	Mm_AGM_002
	R247	CTTCTCCACAGTTGAG	240_256	Mm_AGM_002
	R248	ACCTGTTCGTCATGGT	240_256	Mm_AGM_002
	R249	AGTGTGACGAGACAAC	240_256	Mm_AGM_002
	R250	CAGTGTGTACGAACCT	240_256	Mm_AGM_002
	R251	ACTGAGACACGAAGTC	240_256	Mm_AGM_002
	R252	ACGTACACTCACTCGT	240_256	Mm_AGM_002
	R253	TCGTCTGTGTACCTCA	240_256	Mm_AGM_002
	R254	ACGTAGAGGAGACTCA	240_256	Mm_AGM_002
	R255	TCCACACAACCACTCT	240_256	Mm_AGM_002
	R256	ACACACACTCGTACCA	240_256	Mm_AGM_002
